Address,City,State,Zip,Tag
192 PAPER MILL RD,,GA,,Tax Delinquent / Tax Sale
470 MARBLE SPRINGS RD,,GA,,Tax Delinquent / Tax Sale
5941 HILLSIDE DR,,GA,,Tax Delinquent / Tax Sale
3210 CEDAR GLADE LN,,GA,,Tax Delinquent / Tax Sale
5522 SYCAMORE RD,,GA,,Tax Delinquent / Tax Sale
115 RIVERBROOKE ROAD,,GA,30016,Pre-Foreclosure
1785 BERKSHIRE CT,,GA,,Tax Delinquent / Tax Sale
6693 COLCHESTER PL,,GA,,Tax Delinquent / Tax Sale
604 OAKMONT LN,,GA,,Tax Delinquent / Tax Sale
204 OLDE MILL LN,,GA,,Tax Delinquent / Tax Sale
