First Name,Last Name,Mailing Address,Mailing City,Mailing State,Mailing Zip,Property Address,Property City,Property State,Property Zip,Lead Type,Document Type,Date Filed,Document Number,Amount/Debt Owed,Seller Score,Motivated Seller Flags,Source,Public Records URL,Tags
PEPPERPIKE DEVELOPMENT COMPANY LLC,,,,,,192 PAPER MILL RD,,GA,,Tax Delinquent / Tax Sale,Tax Sale / FiFa (GWINNETT),2026-10-05,TAX-202610-R5179533,8857.25,70,Tax delinquent; Tax sale; LLC / corp owner; New this week,Gwinnett County Tax Commissioner (tax sale listing),https://www.gwinnetttaxcommissioner.com/documents/d/egov/october-2026-tax-sale-web-list?download=true,"gwinnettscraper,taxlien"
Lien Huong Mong,Tran,,,,,470 MARBLE SPRINGS RD,,GA,,Tax Delinquent / Tax Sale,Tax Sale / FiFa (GWINNETT),2026-10-05,TAX-202610-R6150415,16574.50,70,Tax delinquent; Tax sale; New this week,Gwinnett County Tax Commissioner (tax sale listing),https://www.gwinnetttaxcommissioner.com/documents/d/egov/october-2026-tax-sale-web-list?download=true,"gwinnettscraper,taxlien"
Terry,Wade,,,,,5941 HILLSIDE DR,,GA,,Tax Delinquent / Tax Sale,Tax Sale / FiFa (GWINNETT),2026-10-05,TAX-202610-R6245220,10039.55,70,Tax delinquent; Tax sale; New this week,Gwinnett County Tax Commissioner (tax sale listing),https://www.gwinnetttaxcommissioner.com/documents/d/egov/october-2026-tax-sale-web-list?download=true,"gwinnettscraper,taxlien"
Yolanda,Trejo,,,,,3210 CEDAR GLADE LN,,GA,,Tax Delinquent / Tax Sale,Tax Sale / FiFa (GWINNETT),2026-10-05,TAX-202610-R7178363,8898.36,70,Tax delinquent; Tax sale; New this week,Gwinnett County Tax Commissioner (tax sale listing),https://www.gwinnetttaxcommissioner.com/documents/d/egov/october-2026-tax-sale-web-list?download=true,"gwinnettscraper,taxlien"
Tim,Robinson,,,,,5522 SYCAMORE RD,,GA,,Tax Delinquent / Tax Sale,Tax Sale / FiFa (GWINNETT),2026-10-05,TAX-202610-R7322014,6397.73,70,Tax delinquent; Tax sale; New this week,Gwinnett County Tax Commissioner (tax sale listing),https://www.gwinnetttaxcommissioner.com/documents/d/egov/october-2026-tax-sale-web-list?download=true,"gwinnettscraper,taxlien"
Stephanie,James,,,,,115 RIVERBROOKE ROAD,,GA,30016,Pre-Foreclosure,Notice of Sale Under Power,2026-10-03,GPN-CVN1252,,70,Pre-foreclosure; New this week,Georgia Public Notice (legal organ advertisement),https://www.georgiapublicnotice.com/search.aspx,"gwinnettscraper,preforeclosure"
WOLFGANG STEINBERGER LLC,,,,,,1785 BERKSHIRE CT,,GA,,Tax Delinquent / Tax Sale,Tax Sale / FiFa (GWINNETT),2026-10-02,TAX-202610-R5073024,10725.78,70,Tax delinquent; Tax sale; LLC / corp owner; New this week,Gwinnett County Tax Commissioner (tax sale listing),https://www.gwinnetttaxcommissioner.com/documents/d/egov/october-2026-tax-sale-web-list?download=true,"gwinnettscraper,taxlien"
6693 COLCHESTER PLACE LLC,,,,,,6693 COLCHESTER PL,,GA,,Tax Delinquent / Tax Sale,Tax Sale / FiFa (GWINNETT),2026-10-02,TAX-202610-R6193A010,7674.85,70,Tax delinquent; Tax sale; LLC / corp owner; New this week,Gwinnett County Tax Commissioner (tax sale listing),https://www.gwinnetttaxcommissioner.com/documents/d/egov/october-2026-tax-sale-web-list?download=true,"gwinnettscraper,taxlien"
MAISONETTE FAMILY REVOCABLE TRUST,,,,,,604 OAKMONT LN,,GA,,Tax Delinquent / Tax Sale,Tax Sale / FiFa (GWINNETT),2026-10-02,TAX-202610-R6193G035,5272.17,70,Tax delinquent; Tax sale; New this week,Gwinnett County Tax Commissioner (tax sale listing),https://www.gwinnetttaxcommissioner.com/documents/d/egov/october-2026-tax-sale-web-list?download=true,"gwinnettscraper,taxlien"
Diamone,Walker,,,,,204 OLDE MILL LN,,GA,,Tax Delinquent / Tax Sale,Tax Sale / FiFa (GWINNETT),2026-10-02,TAX-202610-R6193I009,8474.49,70,Tax delinquent; Tax sale; New this week,Gwinnett County Tax Commissioner (tax sale listing),https://www.gwinnetttaxcommissioner.com/documents/d/egov/october-2026-tax-sale-web-list?download=true,"gwinnettscraper,taxlien"
Chanelle R,Hardiman,,,,,,,GA,,Pre-Foreclosure,Notice of Sale Under Power,2026-10-03,GPN-db78ecc6bc3b4892,,70,Pre-foreclosure; New this week; Owns 2 distressed properties,Georgia Public Notice (legal organ advertisement),https://www.georgiapublicnotice.com/search.aspx,"gwinnettscraper,preforeclosure"
Jennifer Anne,Jones,,,,,,,GA,,Pre-Foreclosure,Notice of Sale Under Power,2026-10-07,GPN-GDP2316,,65,Pre-foreclosure; New this week,Georgia Public Notice (legal organ advertisement),https://www.georgiapublicnotice.com/search.aspx,"gwinnettscraper,preforeclosure"
Holt,Builders,,,,,,,GA,,Pre-Foreclosure,Notice of Sale Under Power,2026-10-07,GPN-GDP2243,,65,Pre-foreclosure; New this week,Georgia Public Notice (legal organ advertisement),https://www.georgiapublicnotice.com/search.aspx,"gwinnettscraper,preforeclosure"
Edgina T,Smith,,,,,,,GA,,Pre-Foreclosure,Notice of Sale Under Power,2026-10-07,GPN-GDP2583,,65,Pre-foreclosure; New this week,Georgia Public Notice (legal organ advertisement),https://www.georgiapublicnotice.com/search.aspx,"gwinnettscraper,preforeclosure"
William,Hines,,,,,,,GA,,Pre-Foreclosure,Notice of Sale Under Power,2026-10-07,GPN-GDP2465,,65,Pre-foreclosure; New this week,Georgia Public Notice (legal organ advertisement),https://www.georgiapublicnotice.com/search.aspx,"gwinnettscraper,preforeclosure"
Darrell Stevens,Butler,,,,,,,GA,,Pre-Foreclosure,Notice of Sale Under Power,2026-10-07,GPN-GDP2585,,65,Pre-foreclosure; New this week,Georgia Public Notice (legal organ advertisement),https://www.georgiapublicnotice.com/search.aspx,"gwinnettscraper,preforeclosure"
Michael,Moton,,,,,,,GA,,Pre-Foreclosure,Notice of Sale Under Power,2026-10-07,GPN-GDP2584,,65,Pre-foreclosure; New this week,Georgia Public Notice (legal organ advertisement),https://www.georgiapublicnotice.com/search.aspx,"gwinnettscraper,preforeclosure"
Ohiseme,Eroh,,,,,,,GA,,Pre-Foreclosure,Notice of Sale Under Power,2026-10-07,GPN-GDP2582,,65,Pre-foreclosure; New this week,Georgia Public Notice (legal organ advertisement),https://www.georgiapublicnotice.com/search.aspx,"gwinnettscraper,preforeclosure"
Seymour Ashley,Knight,,,,,,,GA,,Pre-Foreclosure,Notice of Sale Under Power,2026-10-07,GPN-GDP2567,,65,Pre-foreclosure; New this week,Georgia Public Notice (legal organ advertisement),https://www.georgiapublicnotice.com/search.aspx,"gwinnettscraper,preforeclosure"
Edward A,Felts,,,,,,,GA,,Pre-Foreclosure,Notice of Sale Under Power,2026-10-07,GPN-GDP2566,,65,Pre-foreclosure; New this week,Georgia Public Notice (legal organ advertisement),https://www.georgiapublicnotice.com/search.aspx,"gwinnettscraper,preforeclosure"
Earl L Richardson,Ayisha Scales-Bruce,,,,,,,GA,,Pre-Foreclosure,Notice of Sale Under Power,2026-10-06,GPN-5440c25676d56d86,,65,Pre-foreclosure; New this week,Georgia Public Notice (legal organ advertisement),https://www.georgiapublicnotice.com/search.aspx,"gwinnettscraper,preforeclosure"
Unmarried Woman,Celina S Ford,,,,,,,GA,,Pre-Foreclosure,Notice of Sale Under Power,2026-10-03,GPN-CVN1304,,65,Pre-foreclosure; New this week,Georgia Public Notice (legal organ advertisement),https://www.georgiapublicnotice.com/search.aspx,"gwinnettscraper,preforeclosure"
Charles A,Pethtel,,,,,,,GA,,Pre-Foreclosure,Notice of Sale Under Power,2026-10-03,GPN-CVN1199,,65,Pre-foreclosure; New this week,Georgia Public Notice (legal organ advertisement),https://www.georgiapublicnotice.com/search.aspx,"gwinnettscraper,preforeclosure"
Darlene,Ray,,,,,,,GA,,Pre-Foreclosure,Notice of Sale Under Power,2026-10-03,GPN-CVN1088,,65,Pre-foreclosure; New this week,Georgia Public Notice (legal organ advertisement),https://www.georgiapublicnotice.com/search.aspx,"gwinnettscraper,preforeclosure"
Kowanda,Glenn,,,,,,,GA,,Pre-Foreclosure,Notice of Sale Under Power,2026-10-03,GPN-CVN1079,,65,Pre-foreclosure; New this week,Georgia Public Notice (legal organ advertisement),https://www.georgiapublicnotice.com/search.aspx,"gwinnettscraper,preforeclosure"
Amariyan,Givens,,,,,,,GA,,Pre-Foreclosure,Notice of Sale Under Power,2026-10-03,GPN-82aa1019ced4f8c8,,65,Pre-foreclosure; New this week,Georgia Public Notice (legal organ advertisement),https://www.georgiapublicnotice.com/search.aspx,"gwinnettscraper,preforeclosure"
Lamar,Rush,,,,,,,GA,,Pre-Foreclosure,Notice of Sale Under Power,2026-09-30,GPN-GDP9630,,65,Pre-foreclosure; New this week,Georgia Public Notice (legal organ advertisement),https://www.georgiapublicnotice.com/search.aspx,"gwinnettscraper,preforeclosure"
Petra,Ford,,,,,,,GA,,Pre-Foreclosure,Notice of Sale Under Power,2026-09-30,GPN-GDP9148,,65,Pre-foreclosure; New this week,Georgia Public Notice (legal organ advertisement),https://www.georgiapublicnotice.com/search.aspx,"gwinnettscraper,preforeclosure"
Michelle Patrice,Bohannon,,,,,,,GA,,Pre-Foreclosure,Notice of Sale Under Power,2026-09-30,GPN-GDP2495,,65,Pre-foreclosure; New this week,Georgia Public Notice (legal organ advertisement),https://www.georgiapublicnotice.com/search.aspx,"gwinnettscraper,preforeclosure"
David Anthony,Walker,,,,,,,GA,,Pre-Foreclosure,Notice of Sale Under Power,2026-09-30,GPN-GDP2460,,65,Pre-foreclosure; New this week,Georgia Public Notice (legal organ advertisement),https://www.georgiapublicnotice.com/search.aspx,"gwinnettscraper,preforeclosure"
